lat,lon,v
55.25,36.25,0.01833092667058938
51.75,29.75,12.550484754455587
51.75,31.75,181.98201978454986
51.75,34.75,14.22256983971844
51.25,30.75,10.458736825889597
51.25,31.75,39.5257409112916
51.25,35.75,4.183494800779348
51.25,37.75,132.18990896704298
50.75,31.75,22.460396388235193
50.75,33.75,33.185996762166425
50.75,34.75,130.3735611481825
50.75,35.25,42.6677109276255
50.75,36.25,100.25961442175321
50.75,36.75,123.26883917115629
50.75,37.25,136.5111067276448
50.75,37.75,306.644261315465
50.75,38.75,2.3704283653059974
50.75,39.25,40.018600541050546
50.75,23.25,0.1454545476219871
50.25,24.25,0.18181818181818182
50.25,25.25,0.888888879255815
50.25,30.25,14.973597122666737
50.25,31.75,8.366989601558696
50.25,32.75,6.275242377227793
50.25,33.25,39.323539348629616
50.25,34.25,13.762040938561162
50.25,34.75,22.589559441277135
50.25,35.25,37.92685384489596
50.25,35.75,7.11128491985922
50.25,37.25,118.80994232402493
50.25,37.75,39.323539348629616
49.75,23.75,1.6000000346790662
49.75,25.25,0.2727272727272727
49.75,29.25,29.947194245333474
49.75,30.25,37.43399351090193
49.75,30.75,7.4867985613333685
49.75,31.25,8.366989601558696
49.75,32.25,4.740856730611995
49.75,32.75,24.681306665608037
49.75,33.75,29.979527790875483
49.75,34.25,59.26071212564906
49.75,34.75,27.75007760672209
49.75,35.25,73.67694414942525
49.75,35.75,56.47390036378056
49.75,36.25,247.7900956546267
49.75,36.75,73.48328055689733
49.75,38.25,14.22256983971844
49.75,39.25,201.07003716162095
49.75,22.75,0.045454545454545456
49.25,23.75,0.24242424964904785
49.25,24.25,0.32467532699758356
49.25,25.25,0.004588471556251699
49.25,29.25,7.4867985613333685
49.25,30.75,14.973597122666737
49.25,32.25,78.92247827878843
49.25,32.75,47.01254017686006
49.25,33.25,14.22256983971844
49.25,33.75,173.04127647727728
49.25,34.25,332.91330753422034
49.25,34.75,466.9743874371052
49.25,35.25,44.920792776470385
49.25,36.25,14.22256983971844
49.25,36.75,128.4378951306765
49.25,37.75,7.4867985613333685
49.25,23.25,0.18181818181818182
48.75,23.75,0.533333344893022
48.75,25.25,0.07489041035825555
48.75,30.25,41.83494730355839
48.75,30.75,94.79136453770722
48.75,31.25,681.8834257560471
48.75,31.75,1109.540835907062
48.75,32.25,57.031262997848295
48.75,32.75,292.1468073943009
48.75,33.25,82.4076324404062
48.75,33.75,122.98359455917186
48.75,35.75,7.4867985613333685
48.75,36.75,7.11128491985922
48.75,38.25,8.366989601558696
48.75,39.25,7.4867985613333685
48.25,30.75,96.24599239168067
48.25,31.25,126.05564670761426
48.25,31.75,142.604500112279
48.25,32.25,65.11957057813802
48.25,32.75,314.3931825142354
48.25,33.25,14.973597122666737
48.25,34.25,7.4867985613333685
48.25,35.25,7.4867985613333685
48.25,36.75,14.973597122666737
48.25,38.25,52.149425093084574
48.25,38.75,40.2972837947309
48.25,39.25,7.11128491985922
47.75,30.75,209.44029793515801
47.75,31.25,14.22256983971844
47.75,32.25,79.34542074489097
47.75,32.75,7.11128491985922
47.75,33.25,35.55642671200136
47.75,34.25,14.973597122666737
47.75,35.25,7.4867985613333685
47.75,36.25,29.284463957572978
47.75,36.75,71.48836495277162
47.75,37.75,59.89438849066695
47.75,38.75,21.33385546381275
47.75,39.25,7.4867985613333685
47.25,30.25,14.973597122666737
47.25,30.75,21.33385546381275
47.25,32.75,20.917473651779193
47.25,33.25,53.405130479019135
47.25,35.75,54.51985222597917
47.25,36.75,67.49000052797297
47.25,37.25,82.9649947223564
47.25,37.75,168.44467772667608
47.25,38.25,14.973597122666737
47.25,38.75,4.740856730611995
46.75,29.75,18.82572642744829
46.75,31.25,76.13566862962519
46.75,32.25,36.39574905349097
46.75,32.75,488.731189592431
46.75,33.25,256.7111693238063
46.75,33.75,42.6677109276255
46.75,34.75,33.185998874871686
46.75,35.25,111.41013721873362
46.75,35.75,18.96342692244798
46.75,36.25,36.67443019446606
46.75,36.75,127.72773460981746
46.75,37.25,89.66317745298147
46.25,32.25,8.366989601558696
46.25,32.75,106.66928295294444
46.25,33.25,11.016099107839787
46.25,35.25,42.6677109276255
45.75,37.75,0.02205882385811385
44.25,38.25,0.02205882385811385
37.25,33.75,1.5029205131577328
37.25,34.75,7.514602865325287
36.75,69.25,0.007323073489325387
36.75,71.25,0.13547686168125697
36.75,72.75,2.220408167157854
36.75,33.75,7.514602565788664
36.75,34.75,3.0058410263154656
36.75,35.25,3.0058410263154656
36.25,66.75,0.06095238242830549
36.25,69.25,0.007323073489325387
36.25,71.25,0.19406144959586008
36.25,71.75,1.8992391313825334
36.25,72.25,0.26122449125562397
36.25,73.25,0.6704761641366142
36.25,36.75,16.0812502396293
35.75,68.75,0.27705628531319754
35.75,69.25,0.07403123378753662
35.75,71.25,0.09153842074530465
35.75,36.75,24.121875958517194
35.25,68.25,0.0036615367446626934
35.25,68.75,0.07403123378753662
35.25,69.25,0.0036615367446626934
35.25,71.75,0.26122449125562397
35.25,72.25,0.3918367453983852
35.25,36.75,24.121875958517194
35.25,38.25,8.04062511981465
35.25,39.75,27.256356582045555
35.25,41.75,2.5653041277546436
34.75,66.25,0.07999999697009721
34.75,66.75,0.014646146978650774
34.75,67.75,0.014646146978650774
34.75,68.25,0.0036615367446626934
34.75,69.75,0.13852814265659877
34.75,70.25,0.054421769721167426
34.75,71.25,0.010984610233988081
34.75,71.75,0.5050340209688459
34.75,72.75,0.17470427921840123
34.75,73.75,0.0036615367446626934
34.75,33.75,130.75409093499184
34.75,35.75,24.121875958517194
34.75,36.25,25.096497139777057
34.75,36.75,64.32500215666369
34.75,37.75,16.0812502396293
34.25,66.25,0.006666666595265269
34.25,67.25,0.38095239230564665
34.25,68.75,0.27705628531319754
34.25,69.25,0.014646146978650774
34.25,69.75,1.2467532839093889
34.25,70.75,0.029117379869733537
34.25,71.25,0.3047619206564767
34.25,71.75,0.6681084292275565
34.25,73.25,0.34940855843680246
34.25,73.75,0.5823475973946708
34.25,36.25,26.729646291933022
34.25,36.75,55.78570150255109
34.25,37.25,24.972735721123172
34.25,39.25,0.9619890479079913
33.75,67.25,0.007323073489325387
33.75,67.75,0.0036615367446626934
33.75,68.75,0.014646146978650774
33.75,69.25,0.41558442796979633
33.75,69.75,3.204767312322344
33.75,70.25,1.8839827265058244
33.75,70.75,0.058234759739467075
33.75,71.75,0.32221522288663046
33.75,72.25,0.03295383070196424
33.75,72.75,0.058234759739467075
33.75,73.25,0.9317561558314732
33.75,74.75,0.11646951947893415
33.75,35.25,1.5029205131577328
33.75,35.75,35.84439498986467
33.75,36.25,28.553094580274774
33.75,36.75,63.091252441867255
33.75,37.75,3.0246863729553297
33.25,65.75,0.003544303821399808
33.25,67.25,0.014646146978650774
33.25,68.25,0.13061224562781198
33.25,68.75,0.3918367453983852
33.25,69.25,0.3850867450237274
33.25,69.75,0.42673718077795847
33.25,70.25,1.175510219165257
33.25,71.25,2.9408552987234935
33.25,71.75,1.0689937727791923
33.25,72.25,0.1830768414906093
33.25,35.25,19.537967569660395
33.25,35.75,31.35248036356643
33.25,36.25,55.01188484336308
33.25,36.75,24.62599036649044
33.25,37.25,2.2446410369011573
33.25,37.75,15.758727700304007
33.25,38.25,10.581878853030503
32.75,65.75,0.2528269961476326
32.75,67.25,0.007323073489325387
32.75,68.25,0.15972962549754552
32.75,68.75,0.41558442796979633
32.75,69.25,4.243455920900617
32.75,69.75,6.955530038901737
32.75,70.25,2.368999481201172
32.75,70.75,0.32653062684195383
32.75,71.75,0.17209223338535853
32.75,72.25,0.16773103390421187
32.75,73.25,0.025630757212638855
32.75,34.75,89.46449732937617
32.75,35.25,13.554552788147703
32.75,35.75,43.2242519792635
32.75,36.25,99.48997162870364
32.75,36.75,41.72935927225626
32.75,37.25,160.45961710251868
32.75,37.75,44.98530252062483
32.75,38.25,37.71610282169422
32.75,38.75,0.5041144079732476
32.25,67.75,1.0482256753104073
32.25,68.25,0.4658780779157366
32.25,69.25,0.7369697093963623
32.25,69.75,6.966777767453875
32.25,70.25,0.33314054352896555
32.25,70.75,1.295546531677246
32.25,71.25,0.718367372240339
32.25,71.75,0.8925170302391052
32.25,72.75,0.7532388865947723
32.25,34.75,333.31852396111935
32.25,35.25,280.19456771889236
32.25,35.75,116.05577748959331
32.25,36.25,373.94782472605584
32.25,36.75,237.1256683873071
32.25,37.25,9.989808623387944
32.25,37.75,73.59794183642953
32.25,39.75,11.090517200063914
32.25,40.75,5.041144454153255
32.25,42.25,1.5029205131577328
31.75,66.75,0.029117379869733537
31.75,67.25,0.007323073489325387
31.75,67.75,0.182602516242436
31.75,68.25,0.17121765656130655
31.75,68.75,0.08735213960920062
31.75,69.25,1.6530374075685228
31.75,69.75,4.938799049173083
31.75,70.25,1.81532997744424
31.75,71.25,0.11265652946063451
31.75,71.75,0.5532302175249372
31.75,72.25,0.2329390389578683
31.75,72.75,0.1455868993486677
31.75,73.75,0.054421769721167426
31.75,74.25,0.16326531342097692
31.75,34.25,16.718812013546994
31.75,34.75,114.59424876295088
31.75,35.25,19.131142319878563
31.75,35.75,167.4496369868284
31.75,36.25,342.35168479877757
31.75,36.75,98.92528376411065
31.75,37.25,95.9688124388922
31.75,37.75,4.609156031277962
31.75,38.25,78.52391228737542
31.75,38.75,1.9492423625197262
31.75,39.25,0.5041144079732476
31.75,40.25,5.92401127750054
31.25,67.25,0.7836734907967704
31.25,69.25,1.030649381024497
31.25,69.75,0.4076685309410095
31.25,70.25,1.763265345777784
31.25,70.75,0.7836734907967704
31.25,71.25,0.8539270375456128
31.25,72.25,0.13852814265659877
31.25,33.75,41.172902074991725
31.25,34.25,16.46395245724125
31.25,34.75,126.66419186147687
31.25,35.25,30.058411461301148
31.25,35.75,69.11410063945368
31.25,36.25,207.66681332470034
31.25,36.75,99.70323608801118
31.25,37.25,268.17248892528005
31.25,37.75,35.366468582098605
31.25,38.25,43.93083191476762
31.25,39.75,5.545258600031957
31.25,40.25,13.64469713671133
31.25,41.25,1.7385135556105524
31.25,-106.75,0.059316568076610565
30.75,65.25,0.13852814265659877
30.75,66.25,0.13061224562781198
30.75,66.75,0.1455868993486677
30.75,69.75,0.16979592187064035
30.75,70.25,0.26122449125562397
30.75,71.75,0.2911737986973354
30.75,33.75,20.25555637467187
30.75,34.25,24.121875958517194
30.75,34.75,5.536950951791368
30.75,35.25,21.72416916117072
30.75,35.75,112.88917843386298
30.75,36.25,84.94269587488088
30.75,36.75,43.13872828264721
30.75,37.25,41.16853498079581
30.75,37.75,33.62164723451133
30.75,38.25,2.5653041277546436
30.75,41.25,2.5205722270766273
30.75,-111.75,0.09917355667461049
30.25,65.25,0.7836734907967704
30.25,65.75,0.13061224562781198
30.25,68.25,0.13061224562781198
30.25,69.75,0.06095238242830549
30.25,71.75,0.3202911785670689
30.25,72.75,0.17470427921840123
30.25,73.25,0.0036615367446626934
30.25,-112.75,2.0454545454545454
30.25,-112.25,0.3223140591924841
30.25,-111.75,1.7429752146655864
29.75,66.75,0.10884353944233485
29.75,67.25,0.8311688559395927
29.75,71.75,1.0191082954406738
29.75,72.25,0.10884353944233485
29.25,65.75,0.5541125706263951
29.25,67.75,0.10884353944233485
29.25,70.75,1.6623377118791853
29.25,71.75,0.054421769721167426
28.75,68.25,0.26122449125562397
28.75,69.25,0.10884353944233485
28.75,59.75,1.5307359546422958
28.75,62.25,0.22077923064882105
28.75,-106.75,1.3429751938039607
28.25,61.25,0.14718614992770282
28.25,-107.25,0.23636363988572903
28.25,-106.75,2.2060606330633163
28.25,-106.25,0.805785130370747
27.75,74.75,0.10884353944233485
27.25,63.75,0.23181819102980872
27.25,64.75,0.14718614992770282
27.25,60.25,0.1772924094376239
26.75,63.75,0.3090909136967226
26.75,60.25,0.3090909136967226
26.75,60.75,1.8766234720295127
26.75,61.25,0.5703463093800979
26.75,-105.75,0.10196560443463651
26.25,60.25,0.1545454568483613
26.25,60.75,0.25757576525211334
26.25,61.25,1.5638527436689897
26.25,63.25,0.12878788262605667
26.25,-107.25,1.930232579057867
25.75,63.75,0.29437229985540564
25.75,59.75,0.07727272842418065
25.75,60.75,0.22077923064882105
25.75,62.25,0.1475206644020297
25.75,62.75,0.3090909136967226
25.75,-106.25,1.3719008673321118
25.25,93.25,1.7695993554578826
25.25,95.25,0.2984733944093542
25.25,96.75,0.7539635754323432
25.25,98.25,0.6011904941073486
25.25,98.75,0.24754903172808035
25.25,63.75,0.07727272842418065
25.25,61.25,0.29437229985540564
25.25,62.25,0.5151515305042267
25.25,62.75,0.07727272842418065
25.25,-108.25,1.129800702699206
25.25,-106.75,0.08773784322494811
25.25,-106.25,0.08773784322494811
24.75,91.75,0.577142844242709
24.75,93.75,0.07072829381961908
24.75,94.75,0.10609243737001503
24.75,95.25,0.5615826452683125
24.75,96.25,0.14145658763923816
24.75,97.25,0.10609243737001503
24.75,98.75,0.6323109458067587
24.75,-108.25,0.5239899099211801
24.75,-107.75,2.67414496906779
24.75,-106.75,0.10196560443463651
24.75,-105.75,0.1676767717369578
24.25,90.75,1.4658183814026415
24.25,96.75,0.24754903172808035
24.25,-107.75,10.599077068861913
24.25,-107.25,5.200952493670313
24.25,-106.75,1.8039281781424175
24.25,-105.75,0.7255244884978642
23.75,84.75,0.15495867891745135
23.75,89.25,0.5276946304365993
23.75,90.25,0.4166666534729302
23.75,92.75,0.1923809570393392
23.75,93.25,1.5744118032245231
23.75,93.75,1.7087281823956542
23.75,94.75,2.602711255529097
23.75,95.25,0.12726587712365603
23.75,96.25,1.0255602704627174
23.75,96.75,0.7072829247585365
23.75,97.25,4.866061217018536
23.75,98.75,5.386666689600263
23.75,-107.25,0.7593823093920946
23.75,-106.25,0.29020980102094734
23.25,89.25,0.4166666534729302
23.25,90.25,1.317606405063998
23.25,91.75,0.18173869429821415
23.25,92.25,0.2153518073526876
23.25,92.75,3.3020610191992352
23.25,93.25,2.3699145812341675
23.25,93.75,3.3341316474335536
23.25,94.25,0.41355778596230913
23.25,94.75,0.7426470683089325
23.25,95.25,0.2829131752784763
23.25,96.25,0.31827732554769944
23.25,96.75,0.6125069911525186
23.25,97.25,0.09190173021384648
23.25,98.75,0.24754903172808035
23.25,-106.75,1.3204545229673386
23.25,-106.25,0.5316115832802925
23.25,-105.75,0.6685845757072623
22.75,85.25,0.04662004722790284
22.75,88.75,1.385932108387351
22.75,89.75,1.2262572289910167
22.75,90.25,1.1292660881008487
22.75,90.75,0.38353213982190937
22.75,91.25,0.05839959980221465
22.75,92.25,0.07178393578422922
22.75,92.75,1.1973560311432396
22.75,93.25,7.766596740909985
22.75,93.75,4.637218575858112
22.75,95.25,0.7426470683089325
22.75,96.25,0.3182773188288723
22.75,96.75,0.21218487474003006
22.75,97.25,0.3847619140786784
22.75,98.25,0.577142844242709
22.25,84.75,0.8333333513953468
22.25,85.25,0.12396694584326311
22.25,90.25,0.5839960253797472
22.25,90.75,0.8333333069458604
22.25,92.75,0.1145124782675079
22.25,93.25,0.1145124782675079
22.25,93.75,0.5388822277475681
22.25,94.75,2.509728130086192
22.25,95.25,0.04595086510692324
22.25,95.75,1.413779262985502
22.25,-105.75,0.1676767717369578
21.75,84.75,0.5055361308834769
21.75,88.25,0.10140966696781106
21.75,89.25,0.16901610477361828
21.75,91.75,0.14356787156845843
21.75,92.25,0.4853417217465384
21.75,92.75,0.5658263505569526
21.75,93.25,1.7253902555842484
21.75,93.75,2.367265465270196
21.75,94.25,0.3712574309735958
21.75,94.75,0.7118193693459034
21.75,95.25,2.1822528578341007
21.75,95.75,1.5737599661307675
21.75,96.25,0.5304622070065567
21.75,96.75,1.1451247557997704
21.75,97.25,0.26310925085895825
21.75,98.25,0.21218487474003006
21.75,98.75,0.17682073118963412
21.25,92.75,0.03536414690980954
21.25,93.25,2.1606818214058876
21.25,93.75,2.607772359890597
21.25,94.25,0.3970905150885561
21.25,94.75,3.089367011894605
21.25,95.25,0.39461895756955656
21.25,95.75,2.51350107403206
21.25,96.25,1.1482685622093933
21.25,96.75,4.597204956891281
21.25,97.25,0.25596906590674606
21.25,98.25,0.1145124782675079
20.75,92.25,0.5514103812830788
20.75,92.75,0.8061678007777248
20.75,93.25,0.7580498586009655
20.75,93.75,2.7334549353191897
20.75,94.25,0.8271155719246183
20.75,94.75,1.3906858209520578
20.75,95.25,0.35364146237926825
20.75,95.75,1.8321996522801265
20.75,96.25,3.2232918816485574
20.75,96.75,2.9436441773016537
20.75,97.25,0.6428884894454053
20.75,97.75,0.6460554354957172
20.75,98.25,0.1908541170081922
20.75,98.75,0.5343915383730616
20.25,92.75,0.3053665818380458
20.25,93.25,0.4765739882630961
20.25,93.75,1.840058261262519
20.25,94.25,0.9542706119162696
20.25,94.75,0.8487394989601202
20.25,95.25,6.130085616771664
20.25,95.75,1.0306122909699167
20.25,98.75,0.03817082272975573
20.25,79.25,0.14011396941813556
19.75,93.25,3.684210256872965
19.75,93.75,3.48028108051845
19.75,94.25,0.34353742136486937
19.75,94.75,0.9194678398115295
19.75,95.25,0.3692016882289733
19.75,95.75,2.5732484459877014
19.75,96.25,0.1923809570393392
19.75,79.25,0.009814746339212763
19.75,79.75,0.0339847058057785
19.75,80.25,1.909420151602138
19.75,81.25,0.040858018804680214
19.25,93.25,0.2475490250092532
19.25,93.75,4.566151008142957
19.25,94.25,0.5725623778998852
19.25,94.75,1.3067894389054604
19.25,95.25,0.5656010884392474
19.25,96.25,0.577142844242709
19.25,96.75,0.03536414690980954
19.25,97.25,0.1923809570393392
19.25,98.25,0.14145658763923816
19.25,98.75,0.24754903172808035
19.25,79.25,0.4040404070507397
19.25,79.75,3.561601286584681
19.25,80.25,1.8259308013049038
19.25,80.75,0.42392350055954675
18.75,93.25,0.8061678007777248
18.75,93.75,1.8035714285714284
18.75,94.75,1.6477671752550773
18.75,95.25,0.4115485643768417
18.75,95.75,4.778889863618782
18.75,96.25,0.14145658763923816
18.75,96.75,0.7847686991361635
18.75,97.25,0.1378525953207697
18.75,79.25,0.6060606241226196
18.75,79.75,1.665799091146751
18.75,80.25,6.7998016286980025
18.75,80.75,3.091450909321958
18.75,81.25,0.03868471831083298
18.75,81.75,1.4141414382240989
18.75,-73.25,11.271194025874138
18.75,-72.75,2.989227219400081
18.25,94.75,3.053665872131075
18.25,95.75,0.04595086510692324
18.25,96.25,0.1378525953207697
18.25,79.25,0.9499489278955893
18.25,79.75,0.10740314694968138
18.25,80.25,2.0713228190487083
18.25,80.75,8.849919865077192
18.25,81.25,0.24382223798470062
18.25,81.75,0.6060606241226196
18.25,4.25,0.6726457271724939
18.25,-73.25,19.531826461242005
18.25,-72.75,117.94065086272629
17.75,80.25,0.2507836981253191
17.75,80.75,0.830826772884889
17.75,81.25,1.6955398158593613
17.75,81.75,0.4040404070507397
17.75,-6.25,0.035663339076563716
17.75,-94.25,0.2097902125255628
17.75,-93.75,1.541958094828508
17.75,-93.25,1.4327608319846068
17.75,-92.75,1.166158521717245
17.25,94.75,0.1923809570393392
17.25,79.75,0.4902962121096524
17.25,80.25,0.2507836981253191
17.25,80.75,0.6269592588598077
17.25,81.25,0.5015673962506382
17.25,3.75,0.6060605868697166
17.25,4.25,6.502242386341095
17.25,-10.75,0.14265335630625486
17.25,-10.25,0.035663339076563716
17.25,-4.25,1.2578615918755531
17.25,-94.25,0.3376311216164719
17.25,-93.75,3.723776306618344
17.25,-93.25,2.7901705185120758
17.25,-92.75,0.39589441635391925
16.75,45.25,0.14181817864829843
16.75,3.75,6.084386631846428
16.75,-7.75,0.07132667815312743
16.75,-0.75,0.3144653979688883
16.75,0.25,2.2012578323483467
16.75,1.25,23.899370431900024
16.75,-93.75,22.97202782197432
16.75,-93.25,0.1076555031944405
16.75,-92.75,0.7843026730485938
16.25,94.75,0.7695238281573568
16.25,44.25,0.18660287220369687
16.25,46.25,0.28363635729659686
16.25,-2.75,1.8867924809455872
16.25,0.25,7.547169923782349
16.25,-94.25,0.3969796746969223
16.25,-93.75,0.20454545759341936
16.25,-93.25,0.1278409090909091
16.25,-92.75,1.2971174987879666
15.75,30.25,0.9183673353067466
15.75,31.25,6.424172241772924
15.75,31.75,0.36734692765665905
15.75,42.75,0.5598085901953957
15.75,43.25,0.291978618638082
15.75,3.75,1.1210761964321136
15.75,-8.25,0.035663339076563716
15.75,-93.25,7.12560593743216
15.75,-92.75,17.813539345833387
15.25,44.25,0.37320574440739374
15.25,31.25,2.7166076031114375
15.25,31.75,2.644018161509718
15.25,32.25,3.118049731212003
15.25,32.75,5.6938775564943045
15.25,3.75,2.9147982597351074
15.25,4.25,4.708520323038101
15.25,-6.25,0.6410256493836641
15.25,-1.75,31.761005520820618
15.25,-0.75,0.31847134232521057
15.25,1.25,0.31847134232521057
15.25,-93.25,0.6495215405117382
15.25,-92.75,0.17786561596122655
14.75,44.25,0.28363635729659686
14.75,44.75,0.35454545982859353
14.75,45.25,0.35454545982859353
14.75,24.75,3.924501514993608
14.75,27.75,0.36734692765665905
14.75,28.75,2.0420168143297945
14.75,29.25,13.412337544773306
14.75,30.25,0.36734692765665905
14.75,31.25,2.286569802888802
14.75,31.75,1.102040879960571
14.75,32.25,0.20786998208080018
14.75,32.75,0.18367346382832953
14.75,38.25,0.36734692765665905
14.75,42.75,0.14772727712988853
14.75,3.75,11.859627813100815
14.75,4.25,5.459980946034193
14.75,-6.25,1.3890413101762533
14.75,-5.75,0.6726457271724939
14.75,-1.75,1.8867924809455872
14.75,-0.75,8.490566164255142
14.75,-0.25,0.44843051582574844
14.75,0.25,2.6905829086899757
14.75,0.75,0.15151514671742916
14.75,1.75,4.266204731538892
14.75,2.25,1.7937220633029938
14.75,2.75,4.708520323038101
14.75,-92.75,3.701782131736929
14.25,97.75,0.04595086510692324
14.25,98.25,0.1378525953207697
14.25,43.75,0.2715299254791303
14.25,44.25,1.3417201577262443
14.25,44.75,0.7538000643253326
14.25,46.25,0.37717602334239264
14.25,24.25,4.195156563073397
14.25,25.75,0.6917475792579353
14.25,28.75,4.176852657060538
14.25,29.75,0.20786998208080018
14.25,31.25,1.039349845743605
14.25,32.25,0.6236099462424006
14.25,32.75,0.18367346382832953
14.25,37.75,0.57857145874628
14.25,42.75,0.8474152528426865
14.25,4.25,37.66816258430481
14.25,-7.25,0.15151514671742916
14.25,-6.75,0.15151514671742916
14.25,-5.75,2.6410256046801805
14.25,-5.25,0.32051282469183207
14.25,-2.75,0.9433962404727936
14.25,-1.75,2.6909826323390007
14.25,-0.75,2.5157231837511063
14.25,0.25,29.27822917699814
14.25,0.75,9.599130600690842
14.25,1.25,0.31847134232521057
14.25,1.75,7.865878753364086
14.25,2.25,1.3452914543449879
14.25,2.75,4.799565300345421
14.25,-91.25,1.3897055689753457
13.75,43.75,1.5752102807164192
13.75,44.25,9.562166394157844
13.75,44.75,1.3922394344752484
13.75,24.25,0.6917475792579353
13.75,25.25,0.6917475792579353
13.75,28.75,16.52177295940263
13.75,29.25,18.378152234213694
13.75,31.25,3.7794541961380412
13.75,31.75,2.81339367612132
13.75,32.75,0.18367346382832953
13.75,33.75,5.026674088622842
13.75,34.25,0.43852968234568834
13.75,35.25,1.5779221249478204
13.75,36.25,3.1558442498956407
13.75,38.75,0.28928572937314
13.75,42.75,1.7294900634072043
13.75,43.25,0.5620842494747855
13.75,4.25,1.9999999552965164
13.75,11.25,6.822935644875874
13.75,11.75,0.1056874142113057
13.75,12.75,0.13992094722661105
13.75,13.75,2.312716356563297
13.75,-9.75,0.15923567116260529
13.75,-7.75,0.3030302934348583
13.75,-6.25,0.6369426846504211
13.75,-4.25,25.65244249999523
13.75,-3.75,23.98779676295817
13.75,-3.25,59.769925475120544
13.75,-2.75,1.2295458931475878
13.75,-1.75,3.5330197773873806
13.75,-1.25,19.203429482877254
13.75,-0.75,6.407414167188108
13.75,-0.25,5.087794875726104
13.75,0.25,4.427449963986874
13.75,0.75,1.496806601062417
13.75,1.25,13.333334028720856
13.75,1.75,3.5393395461142063
13.75,2.25,3.957467060536146
13.75,2.75,7.417448051273823
13.75,3.25,1.3333333656191826
13.75,-91.25,0.19580420309847052
13.75,-90.75,0.36363637989217584
13.25,43.75,1.2659866775978694
13.25,44.25,0.6989174199883234
13.25,44.75,0.07090908932414922
13.25,45.25,0.1297117468308319
13.25,24.75,17.141938267741352
13.25,25.25,0.40598290390335023
13.25,27.75,18.146103143692017
13.25,28.25,6.1260505723101755
13.25,28.75,3.0630252861550877
13.25,29.75,2.3668831874217306
13.25,30.25,7.889610366097518
13.25,30.75,2.3668831874217306
13.25,31.25,3.10324689745903
13.25,31.75,14.17499993102891
13.25,32.25,9.888311892481786
13.25,32.75,7.4621223192662
13.25,33.75,5.101530572199928
13.25,34.25,1.2047010266355105
13.25,34.75,5.046846192330122
13.25,35.25,0.7889610624739102
13.25,35.75,7.332696906956179
13.25,36.25,0.7889610624739102
13.25,42.25,0.34589799154888495
13.25,10.75,0.4125874279574914
13.25,11.25,0.1409165556119247
13.25,12.75,1.9404622776095164
13.25,13.25,53.762800466438584
13.25,13.75,8.176268865439026
13.25,14.25,0.9816159988668832
13.25,-11.25,1.8867924809455872
13.25,-7.25,0.8968610316514969
13.25,-6.75,0.3030302934348583
13.25,-5.75,0.3757304046303034
13.25,-5.25,0.6666666828095913
13.25,-4.25,4.7825210727751255
13.25,-3.75,1.855485700070858
13.25,-3.25,6.954312557354569
13.25,-2.75,10.792928375303745
13.25,-1.75,40.65165696665645
13.25,-1.25,29.62046070024371
13.25,-0.75,35.18978636711836
13.25,-0.25,9.442817873787135
13.25,0.25,3.922279691323638
13.25,0.75,4.490788816474378
13.25,1.75,4.375594574958086
13.25,2.25,17.751189041882753
13.25,3.25,0.6666666828095913
12.75,43.75,4.14893609827215
12.75,24.25,1.0826210549566895
12.75,24.75,1.3834951585158706
12.75,29.75,5.894003292279584
12.75,30.75,3.445129979268781
12.75,31.25,6.621290299243161
12.75,31.75,33.207700559071135
12.75,32.25,2.826542593937899
12.75,32.75,9.90201233114515
12.75,33.75,24.770857365003653
12.75,34.25,5.6466620504590015
12.75,34.75,1.5779221249478204
12.75,35.25,3.9448053123695512
12.75,36.75,1.5779221249478204
12.75,42.75,0.48572910238396033
12.75,43.25,0.07090908932414922
12.75,3.75,1.3333333656191826
12.75,11.75,0.9924400218508459
12.75,12.75,0.8301137223924425
12.75,13.25,12.086702861569146
12.75,13.75,7.226877929134802
12.75,14.25,3.223466228355061
12.75,-6.75,0.22421525791287422
12.75,-5.75,1.5878516249358654
12.75,-5.25,3.1270554289221764
12.75,-4.75,0.7575757801532745
12.75,-3.75,5.511650152038783
12.75,-3.25,10.924739670008421
12.75,-2.75,8.682834170758724
12.75,-2.25,18.393803387880325
12.75,-1.75,14.667363881017081
12.75,-1.25,61.897505092201754
12.75,-0.75,2.24590259604156
12.75,-0.25,65.71768971625715
12.75,0.25,21.326471865177155
12.75,0.75,4.221154568949714
12.75,1.75,3.3149884082376957
12.75,2.25,0.5999456625431776
12.75,3.25,0.6666666828095913
12.25,28.75,8.957028319793087
12.25,29.25,22.09090923198632
12.25,30.25,1.0782467918470502
12.25,30.75,28.911555226360047
12.25,31.25,2.178151324657457
12.25,31.75,2.060358317568898
12.25,32.25,3.6538595243224075
12.25,32.75,12.288502490414041
12.25,33.25,1.8452776021191053
12.25,33.75,5.941836919369442
12.25,34.25,30.977350125355382
12.25,34.75,13.30634483362415
12.25,35.25,17.426388774333255
12.25,36.25,49.008404578481404
12.25,37.25,4.733766374843461
12.25,43.25,0.04323724894361062
12.25,10.75,0.18656125630844725
12.25,11.75,1.9848800437016918
12.25,12.25,0.3429367513480512
12.25,12.75,25.185745804147285
12.25,13.25,104.88984037122943
12.25,13.75,11.572158820927143
12.25,14.25,1.2460223767398433
12.25,-5.75,37.99999952316284
12.25,-5.25,1.3333333656191826
12.25,-4.75,0.9554140269756317
12.25,-3.75,1.4628450386226177
12.25,-3.25,1.1425085365772247
12.25,-2.75,17.737564630806446
12.25,-2.25,0.15923567116260529
12.25,-1.75,18.93423812580295
12.25,-1.25,41.78454841312487
12.25,-0.75,17.628445383161306
12.25,-0.25,11.341588944196701
12.25,0.25,2.1212121471762657
12.25,0.75,11.076358053833246
12.25,1.25,7.999999821186066
11.75,123.75,0.08658008954741737
11.75,124.25,0.532709457657554
11.75,125.25,0.045454545454545456
11.75,123.25,0.11969697001305493
11.75,28.75,13.04106220709426
11.75,29.25,1.0210084071648973
11.75,29.75,1.0210084071648973
11.75,30.25,4.084033628659589
11.75,30.75,2.0420168143297945
11.75,31.25,16.77857120441539
11.75,31.75,4.936915695401175
11.75,32.25,1.039349845743605
11.75,32.75,4.373319358032729
11.75,33.25,1.3839582662497247
11.75,33.75,14.617583141263042
11.75,34.25,18.60321451031736
11.75,34.75,2.128942564928106
11.75,35.25,23.34396485452141
11.75,36.25,2.3668831874217306
11.75,37.25,17.449962079524994
11.75,38.75,34.71428545564413
11.75,11.25,1.0568741221319546
11.75,11.75,0.8251748559149829
11.75,12.25,3.0581295185468416
11.75,12.75,8.319985502822833
11.75,13.25,10.365496643564919
11.75,13.75,15.94765089994127
11.75,14.25,4.807801974090663
11.75,-8.75,0.06904762187706573
11.75,-5.25,1.3333333656191826
11.75,-2.75,8.978873322485015
11.75,-2.25,0.22421525791287422
11.75,-1.75,4.24813162535429
11.75,-1.25,0.6060605868697166
11.75,-0.75,4.6184806153178215
11.75,-0.25,27.596988528966904
11.75,0.75,1.2820512987673283
11.75,1.25,3.4591194242239
11.75,2.25,0.4545454401522875
11.25,124.25,0.2700534760951996
11.25,124.75,0.1575757542794401
11.25,125.25,0.06417112458835948
11.25,24.25,1.0826210549566895
11.25,31.75,32.40427509535636
11.25,32.25,1.2472198924848013
11.25,32.75,6.443969185863223
11.25,33.25,0.4613194005297763
11.25,33.75,4.596227505377361
11.25,34.25,28.124141099197523
11.25,34.75,1.8851276747882366
11.25,35.25,26.77493756942983
11.25,36.25,5.404619534100805
11.25,37.25,5.197861064225435
11.25,37.75,4.872994691133499
11.25,38.25,9.281894822205816
11.25,10.75,1.2126482359387658
11.25,11.25,2.5645281310108574
11.25,11.75,1.2933158930391073
11.25,12.75,25.087810528210618
11.25,13.25,22.82822954790159
11.25,13.75,18.61389206400649
11.25,14.25,11.002601764842192
11.25,-2.75,0.6369426846504211
11.25,-2.25,0.31075081788003445
11.25,-1.75,6.7196067597251385
11.25,-1.25,11.997595359571278
11.25,-0.75,4.487179615534842
11.25,0.25,1.114649698138237
11.25,0.75,2.448138757608831
11.25,1.25,1.2578615918755531
11.25,1.75,1.2121211737394333
11.25,2.25,2.4699827656149864
10.75,125.25,0.26515152237632056
10.75,122.25,0.2156312804330479
10.75,122.75,0.12587412649934943
10.75,123.25,0.03030303120613098
10.75,28.25,1.4693877106266362
10.75,31.75,0.7889610624739102
10.75,32.75,7.147058914814677
10.75,33.75,4.613193875976971
10.75,34.25,12.020053864589759
10.75,34.75,3.5924369977521047
10.75,35.25,1.0210084071648973
10.75,35.75,1.5779221249478204
10.75,36.25,3.9815011216061453
10.75,37.25,0.7889610624739102
10.75,37.75,0.7889610624739102
10.75,38.25,5.522727178675788
10.75,38.75,12.59553125873208
10.75,3.75,2.9147982597351074
10.75,4.25,2.504288125783205
10.75,11.25,3.1001642034812407
10.75,11.75,1.2682489655403928
10.75,12.25,0.4094363456507298
10.75,12.75,2.6534520496021616
10.75,13.25,8.801039017736912
10.75,14.25,1.1226215403188358
10.75,-8.25,5.974842607975006
10.75,-2.75,0.21679967176169157
10.75,-1.75,1.6748307534726337
10.75,-0.25,0.14641288435086608
10.75,0.25,9.119496494531631
10.75,0.75,1.0886978125199676
10.75,1.25,6.603773683309555
10.75,1.75,6.278026849031448
10.75,2.25,5.479876883327961
10.75,3.25,2.5157231837511063
10.25,122.25,0.1426847536455501
10.25,123.25,0.028962188146331093
10.25,30.25,2.9387754212532724
10.25,31.75,1.0210084071648973
10.25,32.75,0.36734692765665905
10.25,34.75,3.149950972093003
10.25,35.25,4.348739581448691
10.25,35.75,1.5779221249478204
10.25,36.25,2.6342386645930156
10.25,36.75,5.399895186935153
10.25,37.25,3.014670496274318
10.25,37.75,2.892857229071004
10.25,38.75,22.15588323080114
10.25,39.25,4.9178571083715985
10.25,3.75,0.6060605868697166
10.25,4.25,34.242425207048655
10.25,12.25,0.6129870164123449
10.25,12.75,6.440295054153963
10.25,13.25,0.4083516515198756
10.25,-3.75,11.984596529509872
10.25,-3.25,2.0179372280836105
10.25,-1.75,13.901345431804657
10.25,-0.75,10.6127068400383
10.25,-0.25,1.2820512987673283
10.25,0.25,2.557412628084421
10.25,0.75,0.9715558029711246
10.25,1.25,9.701748029328883
10.25,1.75,11.380622535943985
10.25,2.25,0.9615384973585606
9.75,122.25,0.019308125430887394
9.75,122.75,0.1722487969831987
9.75,30.75,3.0630252861550877
9.75,31.25,2.5989305321127176
9.75,31.75,14.294117829629354
9.75,33.75,9.189076117106847
9.75,34.25,4.176852657060538
9.75,34.75,5.105042229805674
9.75,35.25,7.147058914814677
9.75,36.25,1.0210084071648973
9.75,37.25,13.783613658377103
9.75,38.25,4.084033628659589
9.75,4.25,0.3144653979688883
9.75,11.75,0.6129870164123449
9.75,12.75,0.040404039646752855
9.75,13.25,10.727272727272728
9.75,13.75,1.8058266267180443
9.75,-3.25,0.15923567116260529
9.75,-2.75,8.75796154141426
9.75,-0.25,0.10699001140892506
9.75,0.25,1.8867924809455872
9.75,0.75,6.8175021559000015
9.75,1.25,4.088050499558449
9.75,1.75,2.2421523928642273
9.75,2.25,118.86792182922363
9.75,3.25,0.9433962404727936
9.25,123.75,0.19251337376507843
9.25,123.25,0.20454545454545453
9.25,32.25,1.0210084071648973
9.25,34.75,1.5779221249478204
9.25,36.25,8.719087697299463
9.25,36.75,4.084033628659589
9.25,37.75,6.1260505723101755
9.25,38.25,22.4621856042317
9.25,39.25,8.678571428571429
9.25,9.25,0.9297520620748401
9.25,21.25,0.007137192710850042
9.25,2.75,0.9297520620748401
9.25,-75.25,0.009891808032989502
8.75,123.75,1.1818182251670144
8.75,27.75,0.4613194005297763
8.75,28.25,0.9226388010595526
8.75,32.75,1.0210084071648973
8.75,33.75,2.9603841496365413
8.75,34.75,10.210084459611348
8.75,35.25,5.105042229805674
8.75,35.75,6.1260505723101755
8.75,36.25,7.147058914814677
8.75,36.75,2.0420168143297945
8.75,37.25,3.0630252861550877
8.75,38.25,1.039349845743605
8.75,-73.75,0.024729521572589876
8.25,28.25,0.6919791331248624
8.25,34.25,1.0210084071648973
8.25,35.25,2.0420168143297945
8.25,38.75,0.57857145874628
8.25,14.75,0.11131725189360706
8.25,15.25,0.6060606105761095
8.25,17.25,0.4545454680919647
8.25,-75.25,0.07680000066757202
8.25,-74.75,0.031999999284744264
8.25,-74.25,0.024729521572589876
7.75,123.75,0.2636363682421771
7.75,124.25,0.7552447752519087
7.75,122.25,0.009654062715443697
7.75,31.75,2.0420168143297945
7.75,32.75,3.0630252861550877
7.75,34.75,1.0210084071648973
7.75,39.25,1.15714291749256
7.75,39.75,0.28928572937314
7.75,14.25,0.8905380151488564
7.75,16.75,2.1212121573361484
7.75,17.25,2.424242442304438
7.75,-74.25,0.07418856024742126
7.25,124.25,0.37762238762595435
7.25,27.25,0.4613194005297763
7.25,37.75,6.6891314046723505
7.25,8.25,5.55555559694767
7.25,8.75,4.1666666977107525
7.25,16.25,1.0227272727272727
7.25,-75.75,0.025600001215934753
7.25,-75.25,0.1185185194015503
7.25,-74.75,0.5179077118635178
6.75,123.75,1.7234788916327735
6.75,26.75,0.23065970026488816
6.75,14.25,0.2782931449738416
6.75,15.75,0.6060606105761095
6.75,16.25,8.393939645452933
6.75,16.75,11.271929862824354
6.75,-75.75,0.2370370388031006
6.75,-74.75,0.061538463830947875
6.25,100.25,0.25
6.25,100.75,0.18319559639150446
6.25,101.25,0.21360836787657303
6.25,101.75,0.011363636363636364
6.25,27.25,1.2472198924848013
6.25,7.25,1.3888888992369175
6.25,7.75,8.333333116024733
6.25,8.25,1.3888888992369175
6.25,8.75,1.3888888992369175
6.25,14.75,1.1483253674073652
6.25,15.25,6.156299927017906
6.25,15.75,5.545454550195824
6.25,16.25,1.5303030610084534
6.25,16.75,2.4761905927549708
6.25,-75.75,0.11245591640472412
6.25,-75.25,0.009891808032989502
6.25,-72.75,0.07272727381099355
6.25,-72.25,0.7878788167780096
6.25,-71.75,1.0053957185961984
5.75,100.25,0.12762237814339725
5.75,100.75,0.06611570444974033
5.75,101.25,0.07954545454545454
5.75,45.25,1.1111111380159855
5.75,8.25,4.1666666977107525
5.75,15.25,1.8648018755696036
5.75,15.75,7.621521380814639
5.75,-75.75,0.5061836004257202
5.75,-75.25,0.15360000133514404
5.75,-72.25,0.1956406127322804
5.25,100.75,0.06818181818181818
5.25,24.25,0.2327272675254128
5.25,25.75,0.4848484992980957
5.25,32.75,0.8678571557892221
5.25,38.25,1.446428614535502
5.25,5.75,4.1666666977107525
5.25,6.75,5.55555559694767
5.25,15.25,0.6818181818181819
5.25,-76.25,0.12307692766189575
5.25,-72.75,0.19623215361074967
5.25,-72.25,0.04040404070507397
5.25,-71.75,0.04040404070507397
5.25,-76.75,0.18461538553237916
4.75,44.75,7.000000029802322
4.75,46.75,6.444444507360458
4.75,23.75,2.588433113965121
4.75,24.25,0.9503030343489214
4.75,24.75,0.35878788341175427
4.75,25.75,1.4545454545454546
4.75,28.75,3.4714286231568883
4.75,29.25,0.57857145874628
4.75,38.75,0.8678571557892221
4.75,41.25,1.1111111380159855
4.25,46.75,3.333333507180214
4.25,-75.75,0.025600001215934753
4.25,-77.75,0.12799999713897706
4.25,-77.25,0.031999999284744264
3.25,45.75,3.999999910593033
3.25,-76.25,1.3550429105758668
3.25,-77.25,0.11405128240585327
3.25,-76.75,0.2370370388031006
2.75,43.75,1.1111111380159855
2.75,44.25,1.1111111380159855
2.75,45.25,13.333333656191826
2.75,45.75,0.9999999776482582
2.75,46.25,0.9999999776482582
2.75,46.75,0.9999999776482582
2.75,39.75,0.7575757801532745
2.75,-73.25,0.1185185194015503
2.25,43.75,6.666667014360428
2.25,44.25,5.55555559694767
2.25,27.75,0.6453419438647954
2.25,28.25,1.1435406783765014
2.25,28.75,6.686820668591695
2.25,29.25,8.482792921025645
2.25,29.75,0.5277880147438158
2.25,-61.75,0.07272727381099355
2.25,-61.25,1.9223071445118298
2.25,-76.75,0.004945904016494751
1.75,27.25,0.06768620572984219
1.75,28.75,0.09053030775182627
1.75,29.25,2.9654348623007536
1.75,29.75,2.348894405771386
1.75,30.25,0.734029451215809
1.75,39.75,0.7575757801532745
1.75,-76.25,0.07913446426391602
1.75,-75.75,0.1185185194015503
1.75,-61.25,0.32207793539220636
1.75,-77.25,0.3487179517745972
1.75,-76.75,0.5069868803024292
1.25,27.25,0.0642818728123199
1.25,27.75,0.3856912368739193
1.25,28.25,0.39854760738936335
1.25,28.75,0.6789772727272727
1.25,29.25,2.3978399752046577
1.25,29.75,8.98331923833625
1.25,30.25,0.2571274912492796
1.25,39.75,0.9999999776482582
1.25,-76.25,0.12072951942682267
1.25,-75.75,0.13353941440582276
1.25,-77.25,0.4740740776062012
1.25,-76.75,0.019783616065979004
0.75,28.25,1.932268962772055
0.75,28.75,24.81670953434977
0.75,29.25,5.380171287296848
0.75,29.75,10.727317576804623
0.75,30.25,0.7849998054179279
0.75,-76.25,0.03956723213195801
0.75,-75.75,0.04945904314517975
0.75,-78.25,0.061538463830947875
0.75,-77.75,0.04102564156055451
0.75,-77.25,0.04102564156055451
0.25,28.25,0.3539284337735311
0.25,28.75,10.005625172391195
0.25,29.25,15.395521974656731
0.25,29.75,1.4865182910791852
0.25,30.25,0.9316428233446045
0.25,42.25,0.7575757801532745
0.25,42.75,1.515151560306549
0.25,43.25,5.303030461072922
0.25,-76.25,0.8960000038146972
0.25,-75.75,0.025600001215934753
0.25,-77.75,0.020512820780277254
0.25,-77.25,0.061538463830947875
-0.25,27.25,0.09831345551223918
-0.25,27.75,0.18106061550365254
-0.25,28.25,8.82916254347021
-0.25,28.75,19.69806601246819
-0.25,29.25,5.294330554929647
-0.25,29.75,0.13537241145968437
-0.25,-51.75,2.712621122598648
-0.75,27.75,1.022459913045168
-0.75,28.25,13.691786880858919
-0.75,28.75,25.802205141125757
-0.75,29.25,9.762529518709263
-0.75,29.75,0.5142549824985592
-0.75,-51.75,1.4578419009392913
-0.75,-80.75,0.251196181232279
-0.75,-79.75,0.06363636695525864
-1.25,27.25,0.3214093640615994
-1.25,27.75,2.683957221155817
-1.25,28.25,8.01459456302903
-1.25,28.75,39.22582899542017
-1.25,29.25,13.402326938103545
-1.25,30.25,9.14356030388312
-1.25,-80.75,2.113803054798733
-1.25,-80.25,0.06363636695525864
-1.25,-79.75,0.3471074483611367
-1.75,27.25,1.6974431818181817
-1.75,27.75,1.117496284063567
-1.75,28.25,39.91706282984127
-1.75,28.75,13.319757867223498
-1.75,29.25,5.0231854615055695
-1.75,29.75,0.9273010792041367
-1.75,30.25,0.14680590036071162
-1.75,-80.75,1.173624598844485
-1.75,-80.25,0.8478150188245557
-2.25,27.25,0.33948863636363635
-2.25,27.75,1.0623997401192107
-2.25,28.25,7.7515036766417325
-2.25,28.75,2.3887904946776954
-2.25,29.25,5.1254079841415985
-2.25,29.75,3.0292832790450617
-2.25,30.25,1.8179364817386325
-2.25,-80.75,0.23296442780305038
-2.25,-80.25,0.8282629342919046
-2.25,-79.75,0.06363636695525864
-2.75,27.25,0.33948863636363635
-2.75,27.75,2.202088434587825
-2.75,28.25,1.027641312642531
-2.75,28.75,0.36514369724318385
-2.75,29.25,0.127807489130646
-2.75,-45.25,1.159090909090909
-2.75,-43.25,0.527716189622879
-2.75,-42.75,0.5654102130369706
-2.75,-42.25,0.020884521390226757
-2.75,-41.75,0.049062051894989876
-2.75,-41.25,0.17171717299656436
-2.75,-80.75,0.07535884868014943
-2.75,-80.25,1.0116552002727985
-3.25,27.25,0.127807489130646
-3.25,28.25,0.127807489130646
-3.25,28.75,0.9676112996583636
-3.25,29.25,0.127807489130646
-3.25,-45.75,0.19318181818181818
-3.25,-45.25,0.7727272727272727
-3.25,-44.75,0.037694011899557976
-3.25,-44.25,0.6407982138070194
-3.25,-43.25,0.7915742614052512
-3.25,-42.75,0.1380415836518461
-3.25,-42.25,0.17751842821863564
-3.25,-80.75,0.8204528145830741
-3.25,-80.25,1.8032535951245916
-3.25,-79.75,0.54727271029895
-3.25,-79.25,0.10047846964814447
-3.75,137.75,0.0028794735924086786
-3.75,27.75,7.412834430282766
-3.75,28.75,0.127807489130646
-3.75,29.25,0.9301692629233003
-3.75,30.25,0.20305861718952656
-3.75,14.75,0.044487426057457924
-3.75,16.25,2.2064775960011915
-3.75,16.75,0.09504132514650172
-3.75,-45.75,0.1297914202917706
-3.75,-44.75,0.520615248686888
-3.75,-44.25,0.7188705431128091
-3.75,-43.75,0.8297061393545432
-3.75,-43.25,0.11831731704825706
-3.75,-42.75,1.3088389563966882
-3.75,-42.25,0.29437229985540564
-3.75,-41.75,0.49002216620878736
-3.75,-40.25,0.015769944018260998
-3.75,-81.25,0.21694215522571042
-3.75,-80.75,0.13016529313542627
-4.25,136.25,0.404308674687689
-4.25,136.75,0.5865967306731776
-4.25,137.25,0.20763621547005393
-4.25,137.75,0.024475525387308815
-4.25,138.75,0.07954545454545454
-4.25,139.25,0.029370629990642723
-4.25,140.25,0.029370629990642723
-4.25,27.25,0.33948863636363635
-4.25,27.75,3.578609736128287
-4.25,28.25,3.119813657619736
-4.25,16.25,1.04366745935245
-4.25,16.75,0.6541299542242831
-4.25,-45.75,0.324545444412665
-4.25,-44.25,0.3212672163817015
-4.25,-43.25,0.015769944018260998
-4.25,-42.75,0.6300498802553524
-4.25,-42.25,0.33451397920196707
-4.25,-41.75,0.3278237012299624
-4.25,-41.25,0.09366391463713213
-4.25,-39.25,0.1678321740844033
-4.25,-38.75,0.23665224422108044
-4.25,-38.25,4.363636363636363
-4.25,-81.25,0.5640495609153401
-4.25,-80.75,0.3320158093490384
-4.25,-79.75,0.16600790823047812
-4.25,-79.25,0.050239234824072235
-4.75,136.75,0.185606063766913
-4.75,137.25,0.1590909090909091
-4.75,137.75,0.07954545454545454
-4.75,139.25,0.024475525387308815
-4.75,139.75,0.024475525387308815
-4.75,15.75,0.08041958341544324
-4.75,16.25,0.23232323405417532
-4.75,16.75,1.1948052482171492
-4.75,-45.75,0.09366391463713213
-4.75,-43.75,0.19401810724626886
-4.75,-43.25,0.3018762653016231
-4.75,-42.75,0.7102846936746078
-4.75,-39.25,0.8150329332460056
-4.75,-38.75,1.4141414002938704
-4.75,-37.75,0.05741626837036827
-4.75,-37.25,0.04040404070507397
-5.25,137.25,0.07572662491690028
-5.25,137.75,0.0035750766454095187
-5.25,138.75,0.11748251996257089
-5.25,28.25,0.5142549824985592
-5.25,28.75,0.0642818728123199
-5.25,29.25,0.6685314691540869
-5.25,-35.75,0.11483253674073654
-5.25,-48.25,0.14336531352380227
-5.25,-47.75,0.20964609960029865
-5.25,-45.75,0.028099172663959587
-5.25,-44.75,1.0688766105608507
-5.25,-44.25,0.307519738308408
-5.25,-43.75,0.1449560611085458
-5.25,-43.25,0.5545838929882103
-5.25,-42.75,1.6345913830128584
-5.25,-40.75,0.11038961532441052
-5.25,-39.25,0.14354067498987372
-5.25,-38.75,0.16693247990174728
-5.25,-38.25,0.04040404070507397
-5.25,-37.75,0.9022556434978137
-5.25,-37.25,6.7851239944046196
-5.25,-36.75,0.08080808141014793
-5.75,-36.25,0.21818182143298065
-5.75,-35.75,0.08612439849159935
-5.75,-48.25,0.04426497400834642
-5.75,-47.75,0.26155574533060705
-5.75,-44.25,0.2261640713973479
-5.75,-43.75,0.35503685068000446
-5.75,-43.25,1.681502309881828
-5.75,-42.25,0.04292929324914109
-5.75,-41.75,0.10442259975455023
-5.75,-40.75,0.049062051894989876
-5.75,-39.25,0.049586778337305244
-5.75,-38.75,0.4508865854956887
-5.75,-38.25,0.1010101017626849
-5.75,-37.75,0.5823650048537687
-5.75,-37.25,0.5870240953835574
-5.75,-36.75,0.3404634622010318
-6.25,-36.25,0.7413989806717093
-6.25,-35.75,0.25837321173061023
-6.25,-48.25,0.006820765612968083
-6.25,-47.75,3.497304791006549
-6.25,-43.75,0.028099172663959587
-6.25,-43.25,0.061818180436437775
-6.25,-41.75,0.035123967988924545
-6.25,-40.75,0.035123967988924545
-6.25,-40.25,0.4214876158670946
-6.25,-38.75,0.09917355667461049
-6.25,-38.25,0.1558441628109325
-6.25,-37.75,0.04040404070507397
-6.25,-37.25,0.10878010974688965
-6.25,-36.75,0.07272727652029558
-6.75,-45.25,0.015769944018260998
-6.75,-44.75,0.028099172663959587
-6.75,-42.25,0.035123967988924545
-6.75,-41.75,0.5619834878227927
-6.75,-41.25,0.4566115838560191
-6.75,-40.75,0.035123967988924545
-6.75,-38.75,0.15977961773222144
-6.75,-37.75,0.04040404070507397
-6.75,-37.25,0.12121212211522189
-6.75,-36.75,0.22727272185412323
-7.25,-43.25,0.06724815671755509
-7.25,-42.75,0.04683195731856606
-7.25,-42.25,0.041769042780453514
-9.25,-36.25,0.043604652143337516
-9.25,-37.75,0.06659619577906349
-9.25,-37.25,0.004596527115526524
-9.25,-36.75,0.03501472156494856
-9.25,-64.25,0.005533597059547902
-9.75,-36.25,0.3776982555335219
-9.75,-35.75,0.024064171212640675
-9.75,-37.25,0.2133978202261708
-9.75,-36.75,0.044273100539364604
-10.25,-36.25,3.2611087784171104
-10.25,-35.75,0.3347107415849512
-10.25,-37.75,0.31611570580439136
-10.25,-37.25,1.6363636363636365
-10.25,-36.75,1.2314395877447997
-10.75,-37.75,0.13636364042758942
-10.75,-36.75,0.04990149136971344
-11.25,39.25,0.0408432155170224
-11.25,39.75,0.12252964655106718
-11.25,40.25,0.06553911180658775
-11.75,39.75,0.5062070505862886
-11.75,40.25,0.29305007579651743
-12.25,38.75,0.2042160670865666
-12.25,39.25,0.8944663872772998
-12.25,39.75,4.122924230654132
-12.25,-54.75,0.23181818696585568
-12.25,-59.25,0.22727273269133136
-12.25,-58.25,0.04545454748652198
-12.25,-57.25,0.04545454748652198
-12.75,38.75,0.8185590695251117
-12.75,39.25,0.3098421238193457
-12.75,39.75,4.602072340859609
-12.75,40.25,0.032769555903293876
-12.75,-55.25,0.04545454748652198
-12.75,-54.75,0.03535353561693972
-12.75,-59.25,0.04545454748652198
-13.25,39.25,0.3257196816107766
-13.25,39.75,3.5655399051240897
-13.25,40.25,1.0142177302728999
-13.25,-56.25,0.12161616100506349
-13.25,-55.75,0.12500000203197653
-13.25,-55.25,0.03977272727272727
-13.25,-59.75,0.09090909497304396
-13.25,-58.75,0.23597215861082077
-13.25,-57.75,0.3207070717418736
-13.25,-57.25,0.2474747516892173
-13.25,-56.75,0.37603305957534094
-13.75,-54.75,0.04338843104514209
-13.75,-60.25,0.04545454748652198
-13.75,-59.75,0.04545454748652198
-13.75,-58.75,0.09090909497304396
-13.75,-57.75,0.025454544885592026
-13.75,-56.75,0.16498316147110678
-14.25,39.75,0.508838385004889
-14.25,-56.25,0.360164151950316
-14.25,-55.75,0.07291666824709285
-14.25,-54.75,0.03535353561693972
-14.25,-59.75,0.04545454748652198
-14.25,-58.25,0.07070707123387944
-14.75,-54.75,0.05090908977118405
-14.75,-54.25,0.02892562069676139
-14.75,-59.75,0.17118553614074533
-14.75,-59.25,0.060606061734936455
-14.75,-58.75,0.12373737584460864
-14.75,-58.25,0.03535353561693972
-14.75,-57.25,0.434343432160941
-14.75,-56.75,0.2685950520363721
-15.25,38.25,0.08391608704220165
-15.25,38.75,34.907692376862876
-15.25,39.25,14.385694038122892
-15.25,-56.25,0.09090909497304396
-15.25,-55.75,0.1018181795423681
-15.25,-60.25,0.13397129286419263
-15.25,-58.75,0.3181818181818182
-15.25,-58.25,0.2381818172606555
-15.25,-57.75,0.06313131529499184
-15.25,-57.25,0.06534091112288562
-15.75,38.25,0.2630560885776173
-15.75,38.75,0.9785124226049944
-15.75,39.25,2.1818181818181817
-15.75,39.75,0.2754820801995017
-15.75,-55.75,0.13429752601818604
-15.75,-54.75,0.13636363771828738
-15.75,-58.75,0.07231405174190347
-15.75,-57.75,0.18181818994608792
-15.75,-57.25,0.02892562069676139
-15.75,-56.75,0.15151515196670184
-16.25,38.75,1.4909090508114209
-16.25,39.25,0.8072727132927289
-16.25,40.25,0.14325068755583328
-16.25,-56.25,0.12226431037891994
-16.25,-55.75,0.13636363771828738
-16.25,-54.75,0.11784511398185382
-16.25,-58.75,0.04713804748925296
-16.25,-58.25,0.4690082757310434
-16.25,-57.75,0.30828282982110977
-16.25,-57.25,0.07636363465677608
-16.25,-56.75,0.05785124139352278
-16.75,-56.25,0.4530854170972651
-16.75,-55.25,0.03535353561693972
-16.75,-54.75,0.14329965886744586
-16.75,-58.75,0.5303030461072922
-16.75,-57.75,0.06160085783763365
-16.75,-57.25,0.014462810348380695
-17.25,-55.75,0.17676768519661643
-17.25,-54.75,0.01767676780846986
-17.25,-57.25,0.06534091112288562
-23.25,-44.75,0.06402773782610893
